{
  "standard_seq2seq|n=8|c=0.0": {
    "final_loss": 10.69193172454834,
    "best_token_accuracy": 0.012500000186264515,
    "elapsed_ms": 21.041697999862663
  },
  "analysis_synthesis_conv|n=8|c=0.0": {
    "final_loss": 10.218975067138672,
    "best_token_accuracy": 0.0,
    "elapsed_ms": 35.1048680004169
  }
}