{
  "standard_seq2seq|n=16|c=0.0": {
    "final_loss": 10.426667404174804,
    "best_token_accuracy": 0.03500000014901161,
    "elapsed_ms": 103.01259760053654
  },
  "analysis_synthesis_conv|n=16|c=0.0": {
    "final_loss": 8.065897178649902,
    "best_token_accuracy": 0.04000000059604645,
    "elapsed_ms": 281.60376280029595
  },
  "standard_seq2seq|n=32|c=0.0": {
    "final_loss": 10.735770988464356,
    "best_token_accuracy": 0.033750000223517415,
    "elapsed_ms": 122.60111499999766
  },
  "analysis_synthesis_conv|n=32|c=0.0": {
    "final_loss": 8.175102233886719,
    "best_token_accuracy": 0.03624999970197677,
    "elapsed_ms": 308.64971299961326
  },
  "standard_seq2seq|n=64|c=0.0": {
    "final_loss": 10.79788818359375,
    "best_token_accuracy": 0.026874999701976775,
    "elapsed_ms": 146.3491102000262
  },
  "analysis_synthesis_conv|n=64|c=0.0": {
    "final_loss": 8.221718883514404,
    "best_token_accuracy": 0.02874999977648258,
    "elapsed_ms": 395.3446196006553
  },
  "standard_seq2seq|n=128|c=0.0": {
    "final_loss": 10.950820159912109,
    "best_token_accuracy": 0.024531250074505805,
    "elapsed_ms": 216.26268719992368
  },
  "analysis_synthesis_conv|n=128|c=0.0": {
    "final_loss": 8.323511695861816,
    "best_token_accuracy": 0.026249999925494195,
    "elapsed_ms": 578.6421283999516
  }
}